id,name,birthdate,address,phone_number,email
11,Karen Mitchell,1935-12-09,"01460 Pittman Ranch
Danielmouth, CO 92283",444.267.2284x957,townsendmichael@example.com
274,Brian Ray,1957-12-21,"83133 James Prairie Apt. 785
Timothychester, NV 39548",318-736-6433,bsmith@example.com
313,Carrie Caldwell,1941-02-03,"756 Ramirez Shore Apt. 451
Port Lisahaven, DE 29712",(924)516-1449x80473,cguzman@example.com
62,Susan Reed,1946-11-27,"502 Allen Vista Apt. 303
Stuartton, DE 54355",652-539-8299x559,wsimmons@example.org
286,Erika Morgan,1938-11-22,"3020 Stephen Squares
Port Phillipchester, IN 38860",(316)239-8162x32859,nortonmichael@example.net
77,Kevin James,1945-10-31,"Unit 8483 Box 8381
DPO AA 63111",481-882-4402x5983,martinezalex@example.com
335,Charles Pierce,1947-02-22,"24219 Tammy Streets
East Jeremyview, WA 52477",+1-830-445-3855x04097,alyssathomas@example.com
246,David Marquez,1942-06-29,"2037 Green Cliffs
Jacobborough, TN 02103",8372012722,nicolevelez@example.com
132,Jessica Mitchell,1956-10-14,"4897 Benjamin Tunnel
Anthonymouth, NE 37671",808-297-2268x71041,benjaminthomas@example.net
30,Corey Carter,1938-10-28,"289 Fields Rest Apt. 057
Bethview, PW 18003",(278)528-3628,nancykelly@example.net
114,Danielle Gonzales,1952-02-18,"221 Barrett Mission
Justinville, OH 84442",(255)532-3181x0750,elizabeth31@example.com
314,Brandon Allen,1947-12-29,"9219 Nichole Tunnel Suite 305
South Christina, ME 15232",464.516.5821x65206,jenniferdavenport@example.net
373,Terry Hancock,1955-03-21,"02079 Amy Vista Suite 245
Port Paulshire, IN 52462",901-561-0646x324,xwalker@example.org
384,Kimberly Bradley,1953-04-06,"075 Sarah Lakes
South Lori, KY 89777",(843)343-5546,tblack@example.com
133,Paul Molina,1956-01-07,"11183 Justin Neck Apt. 420
Port Larrytown, PW 13728",+1-564-891-5176x2017,vernon85@example.org
214,Lisa Berg,1957-04-15,"376 William Turnpike
North Annette, OK 50734",(408)332-2300,kevinmunoz@example.net
376,Dale Baker,1941-01-29,"23471 Olsen Pines
New Thomastown, VI 05744",+1-858-351-9145x1173,benjamin37@example.org
35,Richard Haley,1959-03-08,"6394 Wheeler Track
Phillipshaven, KY 58636",754.962.5530x030,zgraham@example.net
354,Michael Francis,1958-11-13,"02043 Gentry Hills
Grantmouth, MP 93506",8992795231,aaronchaney@example.org
294,Nicole Day,1940-08-18,"9520 Vincent Underpass
Thomasberg, NJ 79180",9586825023,bpeters@example.com
330,Spencer Skinner,1950-12-14,"503 Smith Junction Suite 099
Torresfurt, OK 22564",615-323-4049,ronaldmitchell@example.org
209,Donna Hendrix,1958-05-08,"756 Mitchell Ridge
Russellchester, AR 11018",+1-877-378-6893,kristy73@example.org
233,Sonya Rosales,1950-12-28,"8720 Andrea Keys Suite 399
Harrisfort, FM 53739",001-348-343-8770x3929,nanderson@example.com
243,Matthew Silva,1951-05-17,"48230 Michelle Hills
Williamsfort, FM 39123",540-909-2172x8318,ibrown@example.org
337,Calvin Sparks,1948-02-03,"6941 Paul Landing Apt. 984
Bettyfurt, GU 18637",464-895-4638x931,rlee@example.org
12,Alyssa Peterson,1944-08-15,"22921 Davis Parks Apt. 866
North Angela, MT 19888",001-612-924-7460x23100,ycollins@example.com
90,Sabrina Malone,1940-08-30,"977 Patricia Street
Burchmouth, NH 60898",615-762-4826x3038,kevin13@example.com
200,Connie Martin,1937-10-03,"395 Adams Forges Apt. 110
Arianaport, UT 87197",(743)773-8141x8888,tanner07@example.org
189,Sandra Bell,1937-05-08,"13755 Kim Alley
Thomasland, DE 63931",+1-359-973-0410x11105,chapmankathleen@example.com
282,David Rojas,1939-03-07,"PSC 3738, Box 2358
APO AE 56150",849.919.8950x210,mario68@example.com
7,Sherri Oneill,1957-09-03,"562 Jessica Valleys Suite 220
Michaeltown, TX 28362",423.319.7668x021,yho@example.net
58,Benjamin Duarte,1934-01-09,"378 Mitchell Mills
Jonathanfurt, DE 06057",+1-704-445-2742x088,leeteresa@example.net
88,Brian Stevens,1950-02-20,"0695 Gibson Road Apt. 359
Millerfurt, DC 10631",9162630620,clinton95@example.org
173,Victoria Brown,1952-07-06,"8926 Alison Fords Suite 853
Nancyside, NJ 64359",001-481-407-9870x81349,evan76@example.org
349,Christine Stanley,1949-12-07,"PSC 6596, Box 7809
APO AP 50769",(426)763-4402,colepayne@example.net
251,Christy Mason,1943-09-05,"PSC 5519, Box 5980
APO AE 19582",001-536-698-4684x563,robert55@example.com
260,Henry Norris,1939-10-31,"94619 Garcia Courts Suite 191
New Jeffrey, IN 87324",+1-347-432-1653x55937,mariamarshall@example.net
369,Mark Gay,1950-01-01,"2512 Jennifer Inlet
Donnafort, OR 69176",851-697-6511x5344,nelsoneric@example.net
71,Christian Walsh,1959-09-28,"43756 Robin Land
New James, TX 98141",+1-473-226-6404,reedmeredith@example.com
367,Laura Shepherd,1939-07-21,"53195 Henderson Ville Suite 950
Emilyview, AR 10089",+1-273-406-1693,sheila12@example.org
363,Jodi Nelson,1959-08-30,"PSC 3514, Box 0107
APO AP 30645",747-386-6087,monique71@example.org
9,Richard Juarez,1957-11-27,"9282 Lewis Inlet Suite 939
Pruittchester, LA 74962",325.772.1950,baileycarrie@example.net
247,Jennifer Murray,1948-10-07,"717 Morrison Coves Suite 891
Kingborough, DE 07238",+1-364-240-9153x61008,ylandry@example.net
169,Bradley Newton,1955-01-16,"08496 Robert Ranch
Manningland, IA 70617",202-480-6892x30704,katherineramos@example.com
287,Alexis Morrison,1938-08-26,"307 Hernandez Shore Apt. 552
Dylanville, AK 79335",(492)210-2736,zmcconnell@example.net
355,Angela Bates,1953-04-23,"10894 Mills Haven Suite 129
Port Gabrielborough, MI 61869",724.725.0220x2466,qcraig@example.net
204,Lawrence Ward,1937-07-29,"64007 Jonathan Plain
South Kevinmouth, PR 13651",(629)713-1908x18719,kruegeremily@example.com
91,Alejandro Holland,1934-08-15,"USNV Ross
FPO AP 86474",001-368-258-9411,kathryn94@example.com
157,Alan Roberts,1951-01-21,"224 Hernandez Overpass Apt. 269
Crawfordtown, NM 45063",778-578-2953x59616,walter23@example.com
83,Bryan Contreras,1944-11-05,"7876 Eric Isle
North Christopherchester, MT 11772",001-374-775-4508x9378,wsloan@example.com
1,Christine Cox,1956-10-17,"636 Becker Station
Lake Jacob, NC 31831",6073885833,jsullivan@example.com
318,John Black,1959-06-20,"559 Dennis Point Suite 340
Lauraland, OR 64471",(472)269-4495,baxterkayla@example.org
221,Allison Smith,1950-07-08,"41095 Green Union Suite 402
Martinezmouth, VI 32899",001-752-691-0601x1235,paularias@example.net
78,Deborah Hebert,1950-12-13,"83089 Haas Mountains
North Victorhaven, AK 84710",(565)465-8185x04706,debrawilson@example.org
46,Mr. Jeremy Baxter,1933-12-19,"82556 Timothy Roads Suite 527
Seanton, IL 93615",5468720279,joseph45@example.org
228,Amanda Lopez,1952-04-14,"60493 Bray Corner Suite 094
West Pamelatown, MD 52868",(991)335-0496x07912,fraziernicole@example.org
147,Mr. Antonio Bowers MD,1956-04-09,"3289 Gomez Unions Apt. 668
Acostaborough, GA 72647",+1-499-397-5905x86575,gmarshall@example.net
187,Kenneth Roberts,1953-01-23,"7931 Sheryl Creek Suite 960
Cantuhaven, FM 44416",(724)295-9176,shawnmayer@example.com
54,Kimberly Moreno,1948-05-22,"23275 Gonzalez Row
North Kevinhaven, MT 66230",8159165769,oliverlee@example.com
140,Jeremiah Boyd DDS,1944-12-30,"0611 Thomas Key
Lake Robin, AK 14421",+1-621-565-4400x49160,llane@example.org
182,Michael Vaughn,1937-09-27,"Unit 7237 Box 4655
DPO AA 64064",305-358-7376,nturner@example.org
130,Adam Howell,1937-10-14,"499 Day Branch
Lake Matthew, OH 58874",754-339-1615x9113,nguyengary@example.net
69,Samantha Marshall,1942-03-22,"96737 Williams Street Suite 907
East Brandonfort, UT 25047",001-426-295-9062x312,ellisangela@example.com
327,Jennifer Blackburn,1956-07-14,"95839 Campbell Ramp Suite 412
Morgantown, NM 83300",(341)731-5704,burtontammy@example.org
36,Heather Monroe,1934-09-05,"Unit 0317 Box 4061
DPO AA 93285",3827796379,brad62@example.org
207,Benjamin Schultz,1950-02-11,"3021 David Parks
Laneburgh, TN 02180",385-428-9908,patrickwright@example.org
378,Mary Byrd,1957-11-24,"6245 Linda Port
West Danny, WA 78632",+1-402-778-7139,vanessa97@example.com
3,Nathan Taylor,1939-12-25,"6172 Williamson Street
East Laurafurt, AS 93090",946.240.0176x463,sclay@example.org
300,Eric Odonnell,1937-04-18,"54529 Lee Brook Suite 599
Kennethborough, MI 84157",001-660-990-1585,ryanwallace@example.com
341,Christopher Price,1940-08-25,"48692 Wright Lakes Apt. 348
Gwendolynville, NE 67584",(408)795-5437x88602,william00@example.net
172,David Thomas MD,1943-11-23,"1876 Jackson Manors
West Samantha, AL 71002",726.831.6321x737,teresaandrews@example.com
215,Mark Barker,1952-02-19,"PSC 9489, Box 5234
APO AA 67892",271-763-2073x444,joel40@example.org
79,Daniel Jennings,1954-03-03,"46141 Megan Islands Suite 064
South Daniel, CO 45672",270-923-4326x862,nicholas72@example.com
8,Samantha Rodriguez,1953-11-13,"4721 Riley Stream
Floresside, MN 74774",001-590-449-6915x000,ewhite@example.org
183,David Reid,1950-02-15,"1640 Rodriguez Freeway
Nicholasfurt, AR 64091",(234)323-7605,fhernandez@example.net
352,Jessica Smith,1945-11-26,"0465 Sarah Valley Apt. 385
West Ericaport, SC 59677",001-815-693-0307x653,denisemullen@example.net
110,Gabrielle Bridges,1944-09-04,"275 Meghan Extension
East Stacy, MT 59367",849.319.6009x9928,raymondmcguire@example.net
48,Alyssa Wright,1943-12-18,"8093 Williams Crescent
Joannemouth, CO 42654",999.918.3485x38198,reyesmelissa@example.org
364,Timothy Cook,1941-08-30,"61091 Theresa Oval
Reedshire, OH 01077",435-994-5005x082,jglenn@example.com
14,Benjamin Hensley,1955-11-03,"769 Charles Mount Suite 068
Brendafurt, MA 68516",315.340.1719,fcrawford@example.net
387,Adam Oconnell,1958-07-19,"934 Robin Unions
Donaldmouth, GU 81586",001-754-516-0127,hestersherry@example.com
122,Caleb Ramos,1935-05-21,"048 Howard Pike Apt. 320
Andrewton, VA 23583",413.991.1086x57639,hawkinslindsey@example.net
239,Diana Fisher,1957-07-04,"9579 Sharon Union
Castroview, WV 07904",001-209-471-3804x6978,vazquezbrett@example.net
350,Joseph Mclean,1951-06-30,"7840 Guzman Skyway
Martinezside, OR 23408",001-552-817-4540x70266,walkerchristopher@example.com
89,Jeff Massey,1941-06-08,"Unit 2173 Box 5841
DPO AE 92780",920.304.0360x1867,ryoung@example.net
353,Benjamin Delacruz,1955-12-18,"06661 Cooper Plains
South Sarahville, ME 37767",876.491.9971x705,ymitchell@example.com
357,Christina Williams,1952-02-16,"996 Lowe Stravenue
Huntville, AS 58083",+1-482-510-4976,oramos@example.com
113,Randall Doyle,1935-12-30,"45016 Karl Streets
West Jack, MD 00966",987.738.4464x3548,denise67@example.org
263,Kevin Pearson,1952-04-04,"9886 Gary Land Apt. 403
East Jamesland, PR 66809",443-439-1416,fleminganthony@example.org
283,Robert Hawkins,1946-12-06,"PSC 0619, Box 3383
APO AP 07182",(772)814-1463x2106,uwilliams@example.net
338,Jasmine Clark,1954-10-22,"PSC 9400, Box 4217
APO AA 62589",771.664.6701x15955,marquezshawn@example.org
49,Lee Matthews,1942-06-04,"92647 Mccann Street
North Destiny, CT 34899",6173651845,brian38@example.net
315,James Hopkins,1955-09-25,"848 Cole Street
New Michaelton, KS 97081",816.644.5210x692,david42@example.net
226,Patricia Brown,1934-03-08,"USCGC Camacho
FPO AP 21341",750.806.2332x75825,daniellerodriguez@example.net
397,Sarah Reyes,1937-02-21,"52404 Courtney Track
Seanmouth, MH 04547",001-734-201-0174x3186,underwoodalvin@example.com
252,Morgan Davis,1949-04-23,"9128 Leonard Trace
Kennethborough, AZ 62973",001-762-729-6846x859,elizabethblack@example.com
280,Claire Smith,1939-06-29,"32605 Catherine Courts Apt. 353
Torresmouth, WY 83864",342-307-3384x58562,kurt56@example.com
208,Kaitlyn Gonzales,1937-01-09,"1907 Daniel Mount Suite 909
Port Jacobberg, KS 82961",001-812-616-2841x0157,briansmith@example.net
394,Kevin Terry,1946-11-21,"1441 John Locks Suite 871
Sarahstad, PR 85812",+1-545-770-5409x00798,rittercindy@example.com
148,Olivia Rodriguez,1940-03-09,"757 April Turnpike
East Donna, CA 79084",001-498-566-5285x843,harriskatrina@example.net
168,Jonathan Wilson,1943-12-31,"644 Kemp Unions
New Daniel, MP 87904",6267717865,tryan@example.com
104,Kenneth Suarez,1939-11-16,"682 Stone Orchard Apt. 130
East Sallymouth, AL 84158",001-391-272-3221,christine64@example.org
320,Ariana Velez,1954-11-05,"95760 Miranda Extensions Suite 103
Lake Donaldchester, MD 92023",(499)710-4095,desiree69@example.com
158,Tracy Duran,1936-02-29,"660 Strickland Lights
West Michael, IN 62894",(973)852-0074,jenniferhall@example.com
212,Richard Watkins,1943-05-27,"20731 David Stream
Reedburgh, KS 79574",281-951-5969x70126,briancummings@example.net
107,Jennifer Green,1957-02-13,"068 Johnny Point Suite 558
Melissaton, CT 10966",455.609.7263x57532,sandra58@example.net
144,Alyssa Brown,1941-08-02,"USNS Wilson
FPO AA 68517",891-975-0724,simpsoncurtis@example.com
193,Dillon Wallace,1936-10-30,"6816 Dennis Drive Apt. 108
Port Jeremyhaven, TX 89289",388-466-6270,joshuahumphrey@example.com
28,Francisco Chandler,1945-11-19,"19520 Vance Stream
New Pamela, FL 77612",(758)467-7493x5597,townsendlori@example.com
87,Laura Mahoney,1937-09-11,"45207 Taylor Freeway
Paulhaven, IA 85311",588-691-9332,wperkins@example.com
203,Chad Nunez,1949-10-20,"811 Bowers Garden Suite 415
Dixonport, AK 07102",795.950.2455x6681,tinabrown@example.com
245,James Thompson,1943-10-28,"Unit 8413 Box 4196
DPO AE 21586",287-762-1045x21185,sheila70@example.com
217,Mr. Erik Wilson,1949-10-25,"359 James Lodge
Toddtown, MP 55957",(559)232-4281x8848,stacyabbott@example.org
223,Jason Powell,1952-09-20,"7059 Kevin Shoal Suite 780
South Kimberly, ME 47108",+1-503-981-9398,daviscarla@example.net
194,Nathaniel Carlson,1948-10-03,"54597 Avila Wall
North Andrew, NH 40159",202.423.8363x690,horneryan@example.org
72,Stephanie Williams,1951-12-29,"948 Jennifer Forges Apt. 492
Jeremiahhaven, AK 03429",902.757.7422,hillemily@example.net
288,Stephanie Oneill,1949-08-25,"9926 Miller Parkways
New Ryan, TN 94934",001-970-713-5042x62533,elizabeth31@example.org
293,Heidi Robbins,1938-06-28,"1671 Johnson Road Suite 225
Lisamouth, OR 93725",+1-260-800-6582x997,susan76@example.org
351,Timothy Moore,1945-07-15,"980 Jones Fork Apt. 613
North John, AK 22373",001-689-850-3415x75169,darrenhart@example.net
380,David Vincent,1947-07-10,"5911 Lynch Expressway Apt. 745
Fischerchester, MP 23824",(807)287-1821,clementslisa@example.net
230,James Snyder,1955-01-24,"09156 Brittany Mountains
Port Patrickland, OK 97094",926.623.0534,jamesbond@example.org
45,Jason Koch IV,1940-08-27,"6831 Smith Mountains Suite 882
Fitzgeraldside, AS 97173",(244)241-7154x3828,freemanrodney@example.org
63,Jeffrey Lawrence,1952-12-18,"8614 Ricky Causeway
Nguyenberg, MO 75974",(462)853-5932,janet05@example.net
56,Mariah Mercado,1945-05-17,"2747 Smith Plaza Apt. 342
Lake Brianmouth, OR 34142",946.281.0452,lopezedward@example.com
375,Edward Campbell,1958-03-03,"69718 Snow Dam Apt. 655
Jessicaton, NH 45871",(634)890-3651,craig54@example.net
152,Ashley Duncan,1955-01-21,"8377 Stevenson Ferry Apt. 775
Wolfeside, WY 37684",2099183542,lopezjeffrey@example.com
175,Dillon Carter,1933-11-20,"0687 Castillo Field
East Darleneburgh, KS 99093",001-359-442-7638x84116,johnsoncatherine@example.org
254,Katrina Andersen,1942-12-13,"5844 Stephanie Mountain Suite 218
North Stephaniemouth, IA 94456",6623207326,smorris@example.org
180,Jay Wang,1942-05-12,"0729 Laura Vista
Jessicaland, NE 18330",5964561100,theresacaldwell@example.org
85,Corey Schmidt,1956-05-25,"48700 Rose Glen Suite 308
Fieldstown, SC 87674",+1-724-747-7063,matthewbrown@example.net
362,Samantha Miles,1944-03-25,"237 Donald Port Suite 053
Boydfort, NV 91844",(277)908-2034,weaverjoseph@example.com
195,Eric Glass,1952-11-08,"493 Daniel Road Apt. 689
Mooreshire, CA 47636",+1-356-477-2692x63402,changandrea@example.org
311,Donald Carpenter,1958-01-27,"35554 Larry Street
Matthewsland, ME 42047",634.948.7106,ghoward@example.org
92,Matthew Nichols,1957-05-31,"23992 Melissa Glens
Donnamouth, MO 59599",(832)274-0750,jesus32@example.org
319,Linda Burke,1934-06-11,"560 Johnson Passage
New Danielside, NJ 22698",341-541-5542,cristinaoconnor@example.com
176,Elizabeth Soto,1948-04-19,"124 Dustin Parks Suite 671
Patriciaport, NV 58358",772.840.3221,shortkelly@example.net
166,Stephen Jackson,1938-03-02,"205 Shawn Dale
New Annamouth, MI 26701",523-232-5850x72356,brownkaren@example.org
264,Brenda Reynolds,1953-09-01,"99854 Todd Avenue Suite 619
Garciachester, SD 81327",001-205-564-8661x5097,rachelsantana@example.net
27,Karen Berry,1945-11-06,"656 Harris Plains
Jimenezburgh, MN 78667",(525)815-5678x871,lorihayes@example.com
296,Kimberly Ruiz,1939-10-24,"392 Taylor Wells Apt. 260
East Ericaview, GA 02854",+1-442-350-3447,richardschelsea@example.org
186,Kelli Rollins,1937-07-28,"03489 Virginia Run
North Edwardbury, GA 01016",+1-584-281-8801,hdonaldson@example.net
151,Jamie Thompson,1935-06-30,"07629 Boyer Road
Archerton, MP 70046",(871)302-5210x3194,yhenry@example.com
371,Yesenia Johnson,1952-08-27,"921 Paul Branch
Jeremiahmouth, TX 92381",4012682892,xward@example.com
190,Jay Owens,1937-02-02,"5945 Richard Bypass
Tonyton, CT 78428",7925730530,brockbrian@example.org
127,Joyce Jones,1947-09-24,"16396 Romero Vista
South Robert, NC 36290",001-513-981-5299,heathertran@example.org
334,Sherry Brooks,1939-03-16,"Unit 9606 Box 6082
DPO AP 67675",502.468.8992,prichardson@example.org
344,Jamie Barber,1939-04-02,"91156 Rojas Mount Apt. 413
Andersonside, HI 06331",001-662-318-2755x09647,julie85@example.com
40,Kevin Hamilton,1951-09-27,"9716 Jeffrey Plaza
South Saraview, AK 43651",001-717-529-7807x20883,jenniferlong@example.net
304,Erica Chang,1936-02-14,"0929 Page Plain
South Meganland, WI 26088",+1-464-979-2510x066,daniellekemp@example.net
184,Courtney Estes,1935-11-29,"8515 Sanchez Island Apt. 425
North Sara, WA 02256",(299)410-4142x03110,cunninghamkari@example.net
